,Time,SC,EX,Brent_Adj,WTI_Adj,DIFF_Brent_SC,DIFF_WTI_SC
1,2018-03-26 09:00:00,442.7,6.2849,447.29633300000006,425.11063600000006,4.596333000000072,-17.589363999999932
2,2018-03-26 09:30:00,431.0,6.2849,446.542145,424.60784400000006,15.542145000000005,-6.392155999999943
3,2018-03-26 10:00:00,434.3,6.2849,445.85080600000003,423.53941100000003,11.550806000000023,-10.760588999999982
4,2018-03-26 10:30:00,432.8,6.2849,446.10220200000003,424.23075,13.302202000000023,-8.569250000000011
5,2018-03-26 11:00:00,432.4,6.2849,445.976504,423.66510900000003,13.576504,-8.734890999999948
6,2018-03-26 11:30:00,432.3,6.2849,447.3591820000001,425.299183,15.059182000000078,-7.000816999999984
7,2018-03-26 13:30:00,432.5,6.2849,446.165051,424.167901,13.665051000000005,-8.332099000000028
8,2018-03-26 14:00:00,428.0,6.2849,446.41644700000006,424.2935990000001,18.416447000000062,-3.7064009999999143
9,2018-03-26 14:30:00,428.3,6.2849,446.542145,424.48214600000006,18.242144999999994,-3.8178539999999543
10,2018-03-26 15:00:00,429.9,6.2849,446.79354100000006,424.733542,16.893541000000084,-5.166457999999977
11,2018-03-26 21:00:00,430.9,6.2849,447.48488000000003,425.299183,16.584880000000055,-5.6008169999999495
12,2018-03-26 21:30:00,427.8,6.2849,447.61057800000003,425.739126,19.81057800000002,-2.0608740000000125
13,2018-03-26 22:00:00,428.1,6.2849,447.23348400000003,425.424881,19.13348400000001,-2.675118999999995
14,2018-03-26 22:30:00,426.3,6.2849,447.29633300000006,425.55057899999997,20.99633300000005,-0.7494210000000407
15,2018-03-26 23:00:00,426.9,6.2849,448.55331300000006,427.184653,21.653313000000082,0.28465300000004845
16,2018-03-26 23:30:00,425.0,6.2849,448.11337000000003,426.74471000000005,23.11337000000003,1.7447100000000546
17,2018-03-27 00:00:00,424.6,6.2728,446.99972800000006,425.672208,22.39972800000004,1.0722079999999892
18,2018-03-27 00:30:00,423.8,6.2728,446.748816,425.484024,22.948815999999965,1.6840239999999653
19,2018-03-27 01:00:00,424.4,6.2728,447.125184,425.797664,22.725184000000013,1.3976640000000202
20,2018-03-27 01:30:00,424.7,6.2728,446.058808,424.605832,21.35880800000001,-0.09416799999996783
21,2018-03-27 02:00:00,423.6,6.2728,445.43152800000007,423.853096,21.83152800000005,0.2530959999999709
22,2018-03-27 02:30:00,422.2,6.2728,445.870624,424.229464,23.670624000000032,2.0294640000000186
23,2018-03-27 09:00:00,425.3,6.2728,448.94429599999995,425.860392,23.64429599999994,0.5603919999999789
24,2018-03-27 09:30:00,426.4,6.2728,446.560632,423.16308799999996,20.16063200000002,-3.236912000000018
25,2018-03-27 10:00:00,425.8,6.2728,447.37609599999996,423.97855200000004,21.57609599999995,-1.8214479999999753
26,2018-03-27 10:30:00,426.2,6.2728,446.058808,422.78672000000006,19.85880800000001,-3.4132799999999293
27,2018-03-27 11:00:00,425.8,6.2728,445.494256,421.90852800000005,19.694255999999996,-3.8914719999999647
28,2018-03-27 11:30:00,427.6,6.2728,445.180616,422.28489599999995,17.580615999999964,-5.315104000000076
29,2018-03-27 13:30:00,426.9,6.2728,445.556984,422.222168,18.656984000000023,-4.677831999999967
30,2018-03-27 14:00:00,425.2,6.2728,445.3688,421.657616,20.168800000000033,-3.54238399999997
31,2018-03-27 14:30:00,423.8,6.2728,442.54604,419.14849599999997,18.746039999999994,-4.651504000000045
32,2018-03-27 15:30:00,424.0,6.2728,442.608768,419.14849599999997,18.608767999999998,-4.851504000000034
33,2018-03-27 21:00:00,427.9,6.2728,442.985136,419.399408,15.085136000000034,-8.500591999999983
34,2018-03-27 21:30:00,424.4,6.2728,443.236048,419.399408,18.836048000000005,-5.000591999999983
35,2018-03-27 22:00:00,418.8,6.2728,442.985136,419.273952,24.185136,0.47395199999999704
36,2018-03-27 22:30:00,417.1,6.2728,442.734224,418.897584,25.63422399999996,1.797583999999972
37,2018-03-27 23:00:00,411.8,6.2728,442.420584,418.64667199999997,30.620584000000008,6.8466719999999555
38,2018-03-27 23:30:00,410.1,6.2728,442.54604,418.64667199999997,32.44603999999998,8.546671999999944
39,2018-03-28 00:00:00,410.9,6.2884,443.58373600000004,419.7507,32.68373600000007,8.850700000000018
40,2018-03-28 00:30:00,412.2,6.2884,443.20643200000006,419.3105120000001,31.006432000000075,7.110512000000085
41,2018-03-28 01:00:00,412.2,6.2884,442.766244,418.74455600000005,30.566243999999983,6.544556000000057
42,2018-03-28 01:30:00,409.7,6.2884,443.08066399999996,419.43628,33.38066399999997,9.736280000000022
43,2018-03-28 02:00:00,409.3,6.2884,443.20643200000006,419.49916399999995,33.90643200000005,10.19916399999994
44,2018-03-28 02:30:00,409.8,6.2884,443.3322,419.7507,33.53219999999999,9.950699999999983
45,2018-03-28 09:00:00,408.0,6.2884,443.39508400000005,418.681672,35.395084000000054,10.681671999999992
46,2018-03-28 09:30:00,409.7,6.2884,443.58373600000004,418.870324,33.883736000000056,9.170323999999994
47,2018-03-28 10:00:00,407.1,6.2884,443.20643200000006,419.247628,36.10643200000004,12.147627999999997
48,2018-03-28 10:30:00,407.9,6.2884,444.338344,419.49916399999995,36.43834400000003,11.599163999999973
49,2018-03-28 11:00:00,407.2,6.2884,444.401228,419.562048,37.201228000000015,12.362048000000016
50,2018-03-28 11:30:00,408.3,6.2884,438.36436399999997,414.279792,30.064363999999955,5.979791999999975
51,2018-03-28 13:30:00,407.4,6.2884,441.57144800000003,417.23533999999995,34.171448000000055,9.835339999999974
52,2018-03-28 14:00:00,408.7,6.2884,442.451824,417.801296,33.751824,9.10129599999999
53,2018-03-28 14:30:00,408.2,6.2884,443.58373600000004,419.247628,35.383736000000056,11.047628000000032
54,2018-03-28 15:00:00,410.4,6.2884,442.829128,418.870324,32.42912800000005,8.470324000000005
55,2018-03-28 21:00:00,410.9,6.2884,443.269316,419.247628,32.369316000000026,8.347628000000043
56,2018-03-28 21:30:00,405.2,6.2884,443.39508400000005,419.05897600000003,38.195084000000065,13.858976000000041
57,2018-03-28 22:00:00,407.7,6.2884,442.64047600000004,418.49302,34.94047600000005,10.793020000000013
58,2018-03-28 22:30:00,407.2,6.2884,442.8920120000001,418.74455600000005,35.69201200000009,11.544556000000057
59,2018-03-28 23:00:00,407.7,6.2884,443.143548,418.681672,35.44354800000002,10.981672000000003
60,2018-03-28 23:30:00,406.7,6.2884,443.64662,419.247628,36.946619999999996,12.547628000000032
61,2018-03-29 00:00:00,402.5,6.2904,443.85062400000004,419.506776,41.35062400000004,17.006776000000002
62,2018-03-29 00:30:00,403.2,6.2904,443.4732,419.192256,40.27320000000003,15.992255999999998
63,2018-03-29 01:00:00,402.1,6.2904,443.347392,419.129352,41.24739199999999,17.02935199999996
64,2018-03-29 01:30:00,402.9,6.2904,443.22158399999995,419.380968,40.32158399999997,16.48096800000002
65,2018-03-29 02:00:00,403.8,6.2904,443.536104,419.56968,39.73610400000001,15.769679999999994
66,2018-03-29 02:30:00,404.8,6.2904,443.66191200000003,419.63258399999995,38.86191200000002,14.83258399999994
67,2018-03-29 09:00:00,406.2,6.2904,441.46027200000003,418.059984,35.26027200000004,11.859983999999997
68,2018-03-29 09:30:00,407.6,6.2904,442.15221600000007,418.43740799999995,34.552216000000044,10.837407999999925
69,2018-03-29 10:00:00,407.6,6.2904,442.907064,419.003544,35.30706399999997,11.403543999999954
70,2018-03-29 10:30:00,407.0,6.2904,443.9135279999999,420.387432,36.91352799999993,13.38743199999999
71,2018-03-29 11:00:00,408.1,6.2904,445.10870400000005,420.576144,37.00870400000002,12.476143999999977
72,2018-03-29 11:30:00,408.5,6.2904,444.73128,420.51323999999994,36.23128000000003,12.01323999999994
73,2018-03-29 13:30:00,408.8,6.2904,447.499056,422.58907200000004,38.699055999999985,13.789072000000033
74,2018-03-29 14:00:00,408.2,6.2904,445.423224,420.764856,37.223224000000016,12.56485600000002
75,2018-03-29 14:30:00,408.6,6.2904,445.29741600000006,420.89066399999996,36.69741600000003,12.290663999999936
76,2018-03-29 15:00:00,409.7,6.2904,445.549032,420.953568,35.84903200000002,11.25356800000003
77,2018-04-02 09:00:00,417.3,6.2803,442.509938,416.6351020000001,25.209937999999966,-0.6648979999999369
78,2018-04-02 09:30:00,415.8,6.2803,441.37948400000005,415.50464800000003,25.579484000000036,-0.29535199999997985
79,2018-04-02 10:00:00,416.2,6.2803,440.500242,413.746164,24.300242000000026,-2.453835999999967
80,2018-04-02 10:30:00,415.9,6.2803,438.490546,411.673665,22.590546000000018,-4.226334999999949
81,2018-04-02 11:00:00,414.7,6.2803,438.427743,411.234044,23.727743000000032,-3.4659560000000056
82,2018-04-02 11:30:00,414.8,6.2803,436.0412290000001,409.098742,21.24122900000009,-5.701257999999996
83,2018-04-02 13:30:00,415.0,6.2803,435.53880499999997,408.721924,20.538804999999968,-6.278075999999999
84,2018-04-02 14:00:00,414.7,6.2803,434.84797199999997,408.65912099999997,20.14797199999998,-6.040879000000018
85,2018-04-02 14:30:00,416.3,6.2803,434.659563,408.721924,18.35956299999998,-7.57807600000001
86,2018-04-02 15:00:00,416.6,6.2803,435.036381,409.035939,18.436380999999983,-7.564061000000038
87,2018-04-02 21:00:00,411.6,6.2803,435.85282000000007,409.224348,24.252820000000042,-2.3756520000000023
88,2018-04-02 21:30:00,408.2,6.2803,435.53880499999997,409.28715100000005,27.33880499999998,1.0871510000000626
89,2018-04-02 22:00:00,407.3,6.2803,435.350396,409.16154500000005,28.050395999999978,1.861545000000035
90,2018-04-02 22:30:00,405.6,6.2803,435.601608,409.412757,30.001607999999976,3.8127569999999764
91,2018-04-02 23:00:00,406.0,6.2803,435.601608,409.3499540000001,29.601608,3.349954000000082
92,2018-04-02 23:30:00,405.1,6.2803,435.413199,408.91033300000004,30.313198999999997,3.810333000000014
93,2018-04-03 00:00:00,403.3,6.2844,435.697452,409.240128,32.39745199999999,5.940128000000016
94,2018-04-03 00:30:00,404.0,6.2844,435.948828,409.365816,31.948827999999992,5.365815999999995
95,2018-04-03 01:00:00,403.5,6.2844,435.13185599999997,408.80021999999997,31.63185599999997,5.3002199999999675
96,2018-04-03 01:30:00,402.8,6.2844,435.257544,408.92590799999994,32.457543999999984,6.125907999999924
97,2018-04-03 02:00:00,402.0,6.2844,435.446076,409.177284,33.446076000000005,7.177283999999986
98,2018-04-03 02:30:00,400.7,6.2844,436.51442399999996,409.99425600000006,35.814423999999974,9.294256000000075
99,2018-04-03 09:00:00,403.1,6.2844,437.20570799999996,410.936916,34.105707999999936,7.836915999999974
100,2018-04-03 09:30:00,402.5,6.2844,437.39423999999997,411.31398,34.89423999999997,8.813980000000015
101,2018-04-03 10:00:00,403.0,6.2844,436.640112,410.811228,33.64011199999999,7.811228000000028
102,2018-04-03 10:30:00,403.2,6.2844,437.771304,411.7538880000001,34.571304,8.553888000000086
103,2018-04-03 11:00:00,403.3,6.2844,437.39423999999997,411.6910439999999,34.09423999999996,8.391043999999908
104,2018-04-03 11:30:00,403.4,6.2844,436.51442399999996,410.622696,33.114423999999985,7.222696000000042
105,2018-04-03 13:30:00,402.8,6.2844,437.519928,411.31398,34.71992799999998,8.513980000000004
106,2018-04-03 14:00:00,401.9,6.2844,437.331396,411.18829200000005,35.43139600000001,9.28829200000007
107,2018-04-03 14:30:00,401.9,6.2844,437.83414799999997,411.6910439999999,35.93414799999999,9.791043999999943
108,2018-04-03 15:00:00,402.5,6.2844,438.08552399999996,412.06810799999994,35.585523999999964,9.568107999999938
109,2018-04-03 21:00:00,404.8,6.2844,436.325892,410.49700799999994,31.525892,5.697007999999926
110,2018-04-03 21:30:00,402.0,6.2844,436.640112,410.559852,34.64011199999999,8.559851999999978
111,2018-04-03 22:00:00,401.9,6.2844,436.51442399999996,410.434164,34.614423999999985,8.534164000000033
112,2018-04-03 22:30:00,402.1,6.2844,436.45158,410.622696,34.351579999999956,8.522695999999996
113,2018-04-03 23:00:00,404.2,6.2844,436.51442399999996,410.622696,32.314423999999974,6.42269600000003
114,2018-04-03 23:30:00,402.5,6.2844,436.51442399999996,410.559852,34.01442399999996,8.059851999999978
115,2018-04-04 00:00:00,402.3,6.2999,437.591054,411.761464,35.291053999999974,9.461463999999978
116,2018-04-04 00:30:00,402.4,6.2999,437.717052,411.82446300000004,35.31705200000005,9.42446300000006
117,2018-04-04 01:00:00,403.3,6.2999,437.717052,411.572467,34.41705200000001,8.272467000000006
118,2018-04-04 01:30:00,403.4,6.2999,437.465056,411.44646900000004,34.06505600000003,8.046469000000059
119,2018-04-04 02:00:00,402.3,6.2999,437.21306000000004,411.13147399999997,34.91306000000003,8.831473999999957
120,2018-04-04 02:30:00,402.5,6.2999,437.528055,411.38347,35.028054999999995,8.883469999999988
121,2018-04-04 09:00:00,401.8,6.2999,431.54315,404.768575,29.743150000000014,2.968574999999987
122,2018-04-04 09:30:00,401.8,6.2999,431.732147,404.83157399999993,29.932146999999986,3.031573999999921
123,2018-04-04 10:00:00,401.9,6.2999,433.874113,406.847542,31.974113000000045,4.9475419999999986
124,2018-04-04 10:30:00,402.2,6.2999,436.45707200000004,410.24948800000004,34.25707200000005,8.049488000000053
125,2018-04-04 11:00:00,402.5,6.2999,436.016079,410.12348999999995,33.51607899999999,7.623489999999947
126,2018-04-04 11:30:00,402.7,6.2999,435.827082,410.375486,33.12708200000003,7.675486000000035
127,2018-04-04 13:30:00,402.5,6.2999,436.70906799999995,410.690481,34.209067999999945,8.190480999999977
128,2018-04-04 14:00:00,401.9,6.2999,438.095046,411.572467,36.19504600000005,9.67246700000004
129,2018-04-04 14:30:00,402.2,6.2999,438.41004100000004,411.88746199999997,36.21004100000005,9.687461999999982
130,2018-04-04 15:00:00,401.5,6.2999,438.725036,412.454453,37.22503599999999,10.954453
131,2018-04-09 09:00:00,399.1,6.3107,439.666469,409.94307200000003,40.566468999999984,10.843072000000006
132,2018-04-09 09:30:00,399.7,6.3107,439.41404099999994,409.81685799999997,39.71404099999995,10.11685799999998
133,2018-04-09 10:00:00,399.9,6.3107,441.938321,412.59356599999995,42.038320999999996,12.693565999999976
134,2018-04-09 10:30:00,400.1,6.3107,442.821819,413.79259899999994,42.72181899999998,13.692598999999916
135,2018-04-09 11:00:00,400.3,6.3107,442.443177,412.97220799999997,42.14317699999998,12.672207999999955
136,2018-04-09 11:30:00,401.5,6.3107,441.49657199999996,412.151817,39.99657199999996,10.651816999999994
137,2018-04-09 13:30:00,401.3,6.3107,443.07424699999996,413.098422,41.774246999999946,11.798422000000016
138,2018-04-09 14:00:00,401.0,6.3107,442.821819,412.656673,41.821819000000005,11.656673000000012
139,2018-04-09 14:30:00,401.4,6.3107,442.56939099999994,412.59356599999995,41.16939099999996,11.193565999999976
140,2018-04-09 15:00:00,402.3,6.3107,442.38006999999993,412.341138,40.08006999999992,10.04113799999999
141,2018-04-09 21:00:00,404.2,6.3107,442.75871199999995,412.59356599999995,38.55871199999996,8.393565999999964
142,2018-04-09 21:30:00,409.5,6.3107,443.515996,413.098422,34.01599599999997,3.5984220000000278
143,2018-04-09 22:00:00,410.0,6.3107,445.093671,415.37027399999994,35.09367099999997,5.370273999999938
144,2018-04-09 22:30:00,411.3,6.3107,445.03056399999997,415.496488,33.73056399999996,4.196487999999988
145,2018-04-09 23:00:00,410.5,6.3107,444.90434999999997,415.24406,34.404349999999965,4.74405999999999
146,2018-04-09 23:30:00,408.7,6.3107,444.90434999999997,414.9916319999999,36.20434999999998,6.291631999999936
147,2018-04-10 00:00:00,407.9,6.2962,444.008024,414.28995999999995,36.108024,6.389959999999974
148,2018-04-10 00:30:00,408.8,6.2962,444.32283399999994,414.60477,35.52283399999993,5.804769999999962
149,2018-04-10 01:00:00,408.7,6.2962,444.259872,414.478846,35.559871999999984,5.778845999999987
150,2018-04-10 01:30:00,408.8,6.2962,444.448758,414.541808,35.64875799999999,5.741807999999992
151,2018-04-10 02:00:00,408.6,6.2962,447.407972,417.312136,38.80797199999995,8.712135999999987
152,2018-04-10 02:30:00,409.1,6.2962,447.596858,417.43805999999995,38.496857999999975,8.338059999999928
153,2018-04-10 09:00:00,407.9,6.2962,449.23386999999997,419.389882,41.33386999999999,11.489882000000023
154,2018-04-10 09:30:00,408.9,6.2962,449.54868000000005,419.51580599999994,40.64868000000007,10.615805999999964
155,2018-04-10 10:00:00,409.7,6.2962,449.98941399999995,420.20838799999996,40.289413999999965,10.508387999999968
156,2018-04-10 10:30:00,412.1,6.2962,451.18569199999996,421.65651399999996,39.08569199999994,9.556513999999936
157,2018-04-10 11:00:00,411.3,6.2962,453.64120999999994,423.16760199999993,42.34120999999993,11.86760199999992
158,2018-04-10 11:30:00,411.7,6.2962,453.95601999999997,423.545374,42.25601999999998,11.845373999999993
159,2018-04-10 13:30:00,412.2,6.2962,455.15229800000003,424.552766,42.95229800000004,12.352766000000031
160,2018-04-10 14:00:00,412.3,6.2962,455.84488000000005,424.867576,43.544880000000035,12.567575999999974
161,2018-04-10 14:30:00,414.9,6.2962,457.48189199999996,426.945322,42.58189199999998,12.045321999999999
162,2018-04-10 15:00:00,413.5,6.2962,457.167082,426.81939800000004,43.66708199999999,13.319398000000035
163,2018-04-10 21:00:00,414.5,6.2962,455.21525999999994,424.9935,40.715259999999944,10.493499999999983
164,2018-04-10 21:30:00,417.0,6.2962,453.76713399999994,423.986108,36.76713399999994,6.9861080000000015
165,2018-04-10 22:00:00,417.2,6.2962,454.018982,424.30091799999997,36.818982000000005,7.100917999999979
166,2018-04-10 22:30:00,417.2,6.2962,454.396754,424.174994,37.196754,6.974994000000038
167,2018-04-10 23:00:00,417.6,6.2962,454.522678,424.174994,36.92267799999996,6.574994000000004
168,2018-04-10 23:30:00,419.1,6.2962,454.20786799999996,424.23795599999994,35.10786799999994,5.137955999999917
169,2018-04-11 00:00:00,421.3,6.286,453.22059999999993,423.42495999999994,31.920599999999922,2.1249599999999305
170,2018-04-11 00:30:00,420.4,6.286,453.03201999999993,423.17351999999994,32.632019999999955,2.7735199999999622
171,2018-04-11 01:00:00,420.8,6.286,453.03201999999993,423.17351999999994,32.23201999999992,2.373519999999928
172,2018-04-11 01:30:00,420.8,6.286,453.15774,423.17351999999994,32.35773999999998,2.373519999999928
173,2018-04-11 02:00:00,419.8,6.286,452.84344,423.11066,33.043439999999975,3.3106599999999844
174,2018-04-11 02:30:00,420.0,6.286,453.72348,423.55067999999994,33.723479999999995,3.550679999999943
175,2018-04-11 09:00:00,421.0,6.286,458.2494,427.63658,37.24939999999998,6.636579999999981
176,2018-04-11 09:30:00,418.5,6.286,459.69517999999994,429.27094,41.19517999999994,10.770939999999996
177,2018-04-11 10:00:00,417.1,6.286,456.61503999999996,426.75654,39.51503999999994,9.65653999999995
178,2018-04-11 10:30:00,416.6,6.286,464.34682,434.0482999999999,47.74681999999996,17.448299999999904
179,2018-04-11 11:00:00,417.7,6.286,464.7868399999999,434.36259999999993,47.08683999999994,16.66259999999994
180,2018-04-11 11:30:00,417.1,6.286,463.08961999999997,433.4825599999999,45.989619999999945,16.3825599999999
181,2018-04-11 13:30:00,417.1,6.286,462.4610199999999,433.10540000000003,45.36101999999988,16.00540000000001
182,2018-04-11 14:00:00,417.1,6.286,461.7067,432.47679999999997,44.60669999999999,15.376799999999946
183,2018-04-11 14:30:00,417.4,6.286,460.88951999999995,432.22536,43.48951999999997,14.825360000000046
184,2018-04-11 15:00:00,417.8,6.286,460.38663999999994,431.72248,42.58663999999993,13.922480000000007
185,2018-04-11 21:00:00,420.3,6.286,461.01524,432.47679999999997,40.715239999999994,12.176799999999957
186,2018-04-11 21:30:00,420.9,6.286,461.01524,432.6025199999999,40.11524000000003,11.702519999999936
187,2018-04-11 22:00:00,420.0,6.286,463.96966,435.3055,43.969659999999976,15.305499999999995
188,2018-04-11 22:30:00,417.7,6.286,462.9639,434.61404,45.263900000000035,16.91404
189,2018-04-11 23:00:00,428.2,6.286,462.9639,434.29974,34.763900000000035,6.099739999999997
190,2018-04-11 23:30:00,428.1,6.286,463.65536000000003,434.86548,35.55536000000001,6.765479999999968
191,2018-04-12 00:00:00,428.0,6.2814,462.62511,434.35881,34.62511000000001,6.358810000000005
192,2018-04-12 00:30:00,425.3,6.2814,462.248226,433.919112,36.94822599999998,8.619111999999973
193,2018-04-12 01:00:00,425.5,6.2814,462.059784,433.8562979999999,36.55978399999998,8.356297999999924
194,2018-04-12 01:30:00,426.5,6.2814,461.87134199999997,433.66785600000003,35.37134199999997,7.167856000000029
195,2018-04-12 02:00:00,426.3,6.2814,462.373854,434.23318199999994,36.07385399999998,7.933181999999931
196,2018-04-12 02:30:00,426.3,6.2814,462.813552,434.23318199999994,36.513552000000004,7.933181999999931
197,2018-04-12 09:00:00,425.7,6.2814,458.98189799999994,430.338714,33.281897999999956,4.638713999999993
198,2018-04-12 09:30:00,425.1,6.2814,459.23315399999996,431.15529599999996,34.133153999999934,6.055295999999942
199,2018-04-12 10:00:00,425.2,6.2814,456.2180819999999,427.826154,31.018081999999936,2.6261539999999854
200,2018-04-12 10:30:00,428.9,6.2814,456.2180819999999,428.203038,27.318081999999947,-0.696961999999985
201,2018-04-12 11:00:00,427.8,6.2814,458.35375799999997,430.338714,30.55375799999996,2.5387139999999704
202,2018-04-12 11:30:00,428.4,6.2814,459.107526,431.657808,30.70752600000003,3.2578080000000114
203,2018-04-12 13:30:00,425.9,6.2814,460.04973599999994,432.411576,34.14973599999996,6.511576000000048
204,2018-04-12 14:00:00,427.2,6.2814,461.30601599999994,434.107554,34.106015999999954,6.907554000000005
205,2018-04-12 14:30:00,428.9,6.2814,461.745714,434.61006599999996,32.845714000000044,5.710065999999983
206,2018-04-12 15:00:00,428.7,6.2814,461.62008599999996,434.484438,32.92008599999997,5.784438000000023
207,2018-04-12 21:00:00,425.7,6.2814,459.986922,432.6628319999999,34.286922000000004,6.962831999999935
208,2018-04-12 21:30:00,426.0,6.2814,459.35878199999996,432.16031999999996,33.35878199999996,6.160319999999956
209,2018-04-12 22:00:00,426.3,6.2814,459.42159599999997,432.34876199999997,33.121595999999954,6.048761999999954
210,2018-04-12 22:30:00,425.0,6.2814,459.735666,432.6628319999999,34.73566599999998,7.6628319999999235
211,2018-04-12 23:00:00,425.5,6.2814,459.48441,432.4743899999999,33.984410000000025,6.974389999999914
212,2018-04-12 23:30:00,425.8,6.2814,459.610038,432.725646,33.81003799999996,6.925645999999972
213,2018-04-13 00:00:00,426.8,6.2825,459.690525,432.5501249999999,32.89052499999997,5.750124999999912
214,2018-04-13 00:30:00,426.2,6.2825,460.695725,433.680975,34.49572499999999,7.480975000000001
215,2018-04-13 01:00:00,425.9,6.2825,460.570075,433.429675,34.670075,7.5296749999999975
216,2018-04-13 01:30:00,426.2,6.2825,460.50724999999994,433.36685,34.307249999999954,7.166850000000011
217,2018-04-13 02:00:00,426.4,6.2825,459.879,432.801425,33.47900000000004,6.4014250000000175
218,2018-04-13 02:30:00,428.0,6.2825,460.193125,433.11555,32.19312500000001,5.115549999999985
219,2018-04-13 09:00:00,426.3,6.2825,462.07787499999995,434.749,35.77787499999994,8.449000000000012
220,2018-04-13 09:30:00,426.8,6.2825,462.831775,435.12595,36.03177499999998,8.325949999999978
221,2018-04-13 10:00:00,426.7,6.2825,462.45482499999997,434.43487500000003,35.75482499999998,7.734875000000045
222,2018-04-13 10:30:00,426.5,6.2825,463.02025,434.87465,36.520249999999976,8.374649999999974
223,2018-04-13 11:00:00,426.9,6.2825,464.716525,436.57092499999993,37.81652500000001,9.670924999999954
224,2018-04-13 11:30:00,426.8,6.2825,465.28195,436.75939999999997,38.48194999999998,9.95939999999996
225,2018-04-13 13:30:00,427.4,6.2825,465.15630000000004,436.696575,37.75630000000007,9.296575000000018
226,2018-04-13 14:00:00,427.9,6.2825,464.02545,435.50289999999995,36.12545,7.602899999999977
227,2018-04-13 14:30:00,427.4,6.2825,463.77414999999996,435.12595,36.374149999999986,7.725950000000012
228,2018-04-13 15:00:00,427.0,6.2825,463.3972,434.937475,36.3972,7.937475000000006
229,2018-04-16 09:00:00,426.5,6.2811,461.59803899999997,432.70497900000004,35.09803899999997,6.204979000000037
230,2018-04-16 09:30:00,425.0,6.2811,459.58808700000003,430.757838,34.58808700000003,5.7578379999999925
231,2018-04-16 10:00:00,425.7,6.2811,461.28398400000003,432.5793570000001,35.583984000000044,6.879357000000084
232,2018-04-16 10:30:00,425.0,6.2811,459.27403200000003,430.82064900000006,34.274032000000034,5.82064900000006
233,2018-04-16 11:00:00,424.8,6.2811,457.70375700000005,428.9363190000001,32.90375700000004,4.136319000000071
234,2018-04-16 11:30:00,426.1,6.2811,458.269056,429.564429,32.169055999999955,3.4644289999999955
235,2018-04-16 13:30:00,425.6,6.2811,458.08062300000006,429.37599600000004,32.48062300000004,3.7759960000000206
236,2018-04-16 14:00:00,426.7,6.2811,456.887214,428.30820900000003,30.187213999999983,1.6082090000000449
237,2018-04-16 14:30:00,426.1,6.2811,457.515324,429.124752,31.415324,3.024751999999978
238,2018-04-16 15:00:00,424.4,6.2811,457.8921900000001,429.313185,33.49219000000011,4.913184999999999
239,2018-04-16 21:00:00,425.3,6.2811,459.39965400000006,430.757838,34.099654000000044,5.457837999999981
240,2018-04-16 21:30:00,426.7,6.2811,458.39467800000006,430.004106,31.694678000000067,3.30410599999999
241,2018-04-16 22:00:00,425.9,6.2811,458.39467800000006,430.192539,32.49467800000008,4.292539000000033
242,2018-04-16 22:30:00,426.4,6.2811,458.645922,430.380972,32.24592200000001,3.9809720000000084
243,2018-04-16 23:00:00,425.9,6.2811,458.834355,430.380972,32.93435500000004,4.480972000000008
244,2018-04-16 23:30:00,423.2,6.2811,458.645922,430.380972,35.445921999999996,7.180971999999997
245,2018-04-17 00:00:00,423.9,6.2764,458.42825600000003,430.309984,34.528256000000056,6.409984000000009
246,2018-04-17 00:30:00,424.3,6.2764,458.61654799999997,430.43551199999996,34.316547999999955,6.135511999999949
247,2018-04-17 01:00:00,423.9,6.2764,458.42825600000003,430.24721999999997,34.528256000000056,6.347219999999993
248,2018-04-17 01:30:00,423.7,6.2764,458.365492,430.058928,34.66549200000003,6.358927999999992
249,2018-04-17 02:00:00,422.9,6.2764,458.742076,430.37274799999994,35.84207600000002,7.472747999999967
250,2018-04-17 02:30:00,422.1,6.2764,459.558008,431.31420799999995,37.45800799999995,9.214207999999928
251,2018-04-17 09:00:00,424.8,6.2764,454.348596,425.100572,29.548595999999975,0.3005719999999883
252,2018-04-17 09:30:00,425.2,6.2764,456.54533599999996,426.669672,31.345335999999975,1.4696720000000028
253,2018-04-17 10:00:00,424.9,6.2764,458.051672,428.36429999999996,33.15167200000002,3.46429999999998
254,2018-04-17 10:30:00,424.7,6.2764,457.675088,428.17600799999997,32.97508800000003,3.476007999999979
255,2018-04-17 11:00:00,425.7,6.2764,457.48679599999997,428.17600799999997,31.78679599999998,2.476007999999979
256,2018-04-17 11:30:00,425.4,6.2764,455.792168,427.171784,30.392168000000026,1.7717840000000251
257,2018-04-17 13:30:00,425.5,6.2764,456.3570439999999,428.238772,30.857043999999917,2.738771999999983
258,2018-04-17 14:00:00,425.2,6.2764,457.73785200000003,429.9334,32.53785200000004,4.733400000000017
259,2018-04-17 14:30:00,425.2,6.2764,457.73785200000003,429.996164,32.53785200000004,4.796164000000033
260,2018-04-17 15:00:00,427.4,6.2764,457.92614399999997,430.184456,30.526143999999988,2.7844560000000342
261,2018-04-17 21:00:00,422.1,6.2764,459.997356,431.94184799999994,37.897356,9.841847999999914
262,2018-04-17 21:30:00,421.7,6.2764,459.74629999999996,431.753556,38.046299999999974,10.053556000000015
263,2018-04-17 22:00:00,422.6,6.2764,459.934592,432.067376,37.33459199999999,9.467376000000002
264,2018-04-17 22:30:00,423.5,6.2764,460.06012,432.00461199999995,36.56011999999998,8.504611999999952
265,2018-04-17 23:00:00,423.5,6.2764,460.311176,432.318432,36.81117599999999,8.818431999999973
266,2018-04-17 23:30:00,423.9,6.2764,459.997356,432.067376,36.09735600000005,8.167376000000047
267,2018-04-18 00:00:00,423.3,6.2854,460.97123600000003,432.93835199999995,37.67123600000002,9.63835199999994
268,2018-04-18 00:30:00,423.8,6.2854,460.97123600000003,432.93835199999995,37.17123600000002,9.13835199999994
269,2018-04-18 01:00:00,424.0,6.2854,461.788338,433.881162,37.78833800000001,9.881162000000018
270,2018-04-18 01:30:00,425.5,6.2854,462.165462,434.195432,36.66546199999999,8.695431999999983
271,2018-04-18 02:00:00,425.7,6.2854,462.165462,434.38399400000003,36.465462,8.683994000000041
272,2018-04-18 02:30:00,426.3,6.2854,461.599776,433.75545400000004,35.29977600000001,7.4554540000000316
273,2018-04-18 09:00:00,427.7,6.2854,466.37668,439.53802200000007,38.67668000000003,11.83802200000008
274,2018-04-18 09:30:00,428.0,6.2854,465.37101600000005,438.46950400000003,37.371016000000054,10.469504000000029
275,2018-04-18 10:00:00,428.0,6.2854,466.81665799999996,439.789438,38.81665799999996,11.789438000000018
276,2018-04-18 10:30:00,428.1,6.2854,467.44519800000006,440.29227,39.34519800000004,12.19226999999995
277,2018-04-18 11:00:00,428.2,6.2854,468.2623,441.046518,40.06229999999999,12.846518000000003
278,2018-04-18 11:30:00,428.6,6.2854,466.12526399999996,439.098044,37.525263999999936,10.498043999999993
279,2018-04-18 13:30:00,429.2,6.2854,467.759468,440.669394,38.55946800000004,11.469394000000023
280,2018-04-18 14:00:00,429.9,6.2854,470.273628,442.80643000000003,40.373628,12.906430000000057
281,2018-04-18 14:30:00,430.3,6.2854,470.77646000000004,443.309262,40.47646000000003,13.009261999999978
282,2018-04-18 15:00:00,429.7,6.2854,471.40500000000003,443.937802,41.70500000000004,14.237801999999988
283,2018-04-18 21:00:00,435.6,6.2854,472.09639400000003,444.566342,36.49639400000001,8.966341999999997
284,2018-04-18 21:30:00,438.3,6.2854,471.782124,444.12636399999997,33.482124,5.8263639999999555
285,2018-04-18 22:00:00,438.4,6.2854,472.15924800000005,444.503488,33.75924800000007,6.103488000000027
286,2018-04-18 22:30:00,438.0,6.2854,472.284956,444.566342,34.28495600000002,6.56634200000002
287,2018-04-18 23:00:00,437.3,6.2854,472.787788,445.194882,35.487787999999966,7.8948819999999955
288,2018-04-18 23:30:00,437.8,6.2854,473.41632799999996,445.572006,35.61632799999995,7.772005999999976
289,2018-04-19 00:00:00,436.3,6.2778,472.46722800000003,444.719352,36.16722800000002,8.419352000000003
290,2018-04-19 00:30:00,436.0,6.2778,472.46722800000003,444.907686,36.467228000000034,8.907686000000012
291,2018-04-19 01:00:00,435.8,6.2778,472.53000599999996,444.78213,36.730005999999946,8.982129999999984
292,2018-04-19 01:30:00,436.2,6.2778,472.27889400000004,444.342684,36.07889400000005,8.142684000000031
293,2018-04-19 02:00:00,436.6,6.2778,471.77667,443.96601599999997,35.17667,7.366015999999945
294,2018-04-19 02:30:00,439.0,6.2778,472.53000599999996,444.531018,33.53000599999996,5.531018000000017
295,2018-04-19 09:00:00,440.2,6.2778,475.54335,446.47713600000003,35.34334999999999,6.277136000000041
296,2018-04-19 09:30:00,439.3,6.2778,473.15778600000004,444.279906,33.85778600000003,4.979905999999971
297,2018-04-19 10:00:00,439.4,6.2778,475.920018,446.791026,36.52001800000005,7.391026000000011
298,2018-04-19 10:30:00,439.7,6.2778,475.10390400000006,445.91213400000004,35.40390400000007,6.212134000000049
299,2018-04-19 11:00:00,439.5,6.2778,476.86168799999996,447.35602800000004,37.36168799999996,7.8560280000000375
300,2018-04-19 11:30:00,440.1,6.2778,474.538902,444.719352,34.438901999999985,4.619351999999992
301,2018-04-19 13:30:00,440.2,6.2778,471.46277999999995,441.45489599999996,31.262779999999964,1.2548959999999738
302,2018-04-19 14:00:00,440.0,6.2778,471.525558,441.32934,31.52555799999999,1.329340000000002
303,2018-04-19 14:30:00,439.7,6.2778,470.58388799999994,440.199336,30.883887999999956,0.499336000000028
304,2018-04-19 15:00:00,440.6,6.2778,470.897778,440.76433799999995,30.297777999999994,0.1643379999999297
305,2018-04-19 21:00:00,442.4,6.2778,470.960556,440.827116,28.56055600000002,-1.5728839999999877
306,2018-04-19 21:30:00,442.2,6.2778,471.90222600000004,441.58045200000004,29.702226000000053,-0.619547999999952
307,2018-04-19 22:00:00,441.3,6.2778,471.90222600000004,442.33378799999997,30.60222600000003,1.0337879999999586
308,2018-04-19 22:30:00,442.3,6.2778,471.588336,441.64322999999996,29.288336000000015,-0.6567700000000514
309,2018-04-19 23:00:00,441.8,6.2778,471.08611200000007,440.76433799999995,29.28611200000006,-1.035662000000059
310,2018-04-19 23:30:00,442.4,6.2778,471.337224,441.01545,28.937224000000015,-1.3845499999999902
311,2018-04-20 00:30:00,441.0,6.2898,472.301082,441.9842459999999,31.301082000000008,0.9842459999999278
312,2018-04-20 01:00:00,438.8,6.2898,471.231816,440.789184,32.43181599999997,1.989183999999966
313,2018-04-20 01:30:00,437.1,6.2898,471.35761199999996,440.852082,34.25761199999994,3.752081999999973
314,2018-04-20 02:00:00,437.3,6.2898,471.67210199999994,440.852082,34.37210199999993,3.5520819999999844
315,2018-04-20 02:30:00,437.6,6.2898,471.98659200000003,441.29236799999995,34.38659200000001,3.692367999999931
316,2018-04-20 09:00:00,437.7,6.2898,468.149814,438.08457,30.449814000000003,0.3845699999999965
317,2018-04-20 09:30:00,437.0,6.2898,467.64662999999996,438.08457,30.64662999999996,1.0845699999999852
318,2018-04-20 10:00:00,438.2,6.2898,468.778794,438.39905999999996,30.578794000000016,0.19905999999997448
319,2018-04-20 10:30:00,438.8,6.2898,470.28834599999993,440.474694,31.488345999999922,1.6746939999999881
320,2018-04-20 11:00:00,437.7,6.2898,470.414142,440.537592,32.71414200000004,2.837592000000029
321,2018-04-20 11:30:00,438.0,6.2898,471.797898,441.85844999999995,33.797897999999975,3.858449999999948
322,2018-04-20 13:30:00,437.0,6.2898,473.11875599999996,442.424532,36.11875599999996,5.424531999999999
323,2018-04-20 14:00:00,437.3,6.2898,473.7477359999999,441.921348,36.44773599999991,4.621348000000012
324,2018-04-23 09:00:00,437.9,6.3044,470.6234600000001,437.58840399999997,32.7234600000001,-0.31159600000000864
325,2018-04-23 09:30:00,437.7,6.3044,470.686504,437.084052,32.986504000000025,-0.615948000000003
326,2018-04-23 10:00:00,439.1,6.3044,472.13651600000003,438.21884400000005,33.036516000000006,-0.8811559999999758
327,2018-04-23 10:30:00,438.8,6.3044,473.334352,439.29059200000006,34.53435200000001,0.4905920000000492
328,2018-04-23 11:00:00,439.2,6.3044,475.16262800000004,440.803648,35.96262800000005,1.603648000000021
329,2018-04-23 13:30:00,439.6,6.3044,478.50396000000006,444.77542,38.90396000000004,5.175419999999974
330,2018-04-23 14:00:00,440.2,6.3044,479.38657600000005,445.531948,39.18657600000006,5.331948000000011
331,2018-04-23 14:30:00,439.6,6.3044,479.76484,446.28847600000006,40.16483999999997,6.688476000000037
332,2018-04-23 15:00:00,439.7,6.3044,481.15180799999996,447.29718,41.45180799999997,7.597180000000037
333,2018-04-23 21:00:00,433.4,6.3044,480.08006000000006,446.477608,46.68006000000008,13.077607999999998
334,2018-04-23 21:30:00,435.0,6.3044,480.332236,446.918916,45.33223600000002,11.918916000000024
335,2018-04-23 22:00:00,435.4,6.3044,480.521368,446.9819600000001,45.12136800000002,11.581960000000095
336,2018-04-23 22:30:00,436.2,6.3044,480.7105,447.29718,44.510500000000036,11.097180000000037
337,2018-04-23 23:00:00,436.6,6.3044,480.647456,447.234136,44.047455999999954,10.634135999999955
338,2018-04-23 23:30:00,438.1,6.3044,480.647456,447.29718,42.547455999999954,9.197180000000003
339,2018-04-24 00:00:00,438.9,6.3092,480.50867199999993,447.38537199999996,41.608671999999956,8.485371999999984
340,2018-04-24 00:30:00,441.9,6.3092,480.50867199999993,447.32228000000003,38.608671999999956,5.4222800000000575
341,2018-04-24 01:00:00,442.4,6.3092,480.82413199999996,447.827016,38.424131999999986,5.427016000000037
342,2018-04-24 01:30:00,443.0,6.3092,481.51814399999995,448.77339599999993,38.51814399999995,5.773395999999934
343,2018-04-24 02:00:00,444.3,6.3092,482.71689200000003,449.71977599999997,38.41689200000002,5.419775999999956
344,2018-04-24 02:30:00,445.3,6.3092,482.149064,449.025764,36.849064,3.7257639999999697
345,2018-04-24 09:00:00,444.9,6.3092,478.93137199999995,445.49261199999995,34.031371999999976,0.5926119999999742
346,2018-04-24 09:30:00,446.2,6.3092,479.688476,446.565176,33.48847599999999,0.3651760000000195
347,2018-04-24 10:00:00,447.3,6.3092,482.96925999999996,449.6566839999999,35.66925999999995,2.356683999999916
348,2018-04-24 10:30:00,447.5,6.3092,481.51814399999995,448.3948439999999,34.01814399999995,0.8948439999999209
349,2018-04-24 11:00:00,448.1,6.3092,480.950316,447.38537199999996,32.850315999999964,-0.7146280000000615
350,2018-04-24 11:30:00,448.0,6.3092,479.373016,444.79859999999996,31.373016000000007,-3.201400000000035
351,2018-04-24 13:30:00,448.9,6.3092,475.3982199999999,441.01308,26.498219999999947,-7.886919999999975
352,2018-04-24 14:00:00,448.3,6.3092,473.884012,439.87742399999996,25.584011999999973,-8.42257600000005
353,2018-04-24 14:30:00,448.8,6.3092,473.757828,440.06669999999997,24.957828000000006,-8.733300000000042
354,2018-04-24 15:00:00,447.3,6.3092,473.82091999999994,440.255976,26.520919999999933,-7.044024000000036
355,2018-04-24 21:00:00,446.6,6.3092,473.50545999999997,439.75124,26.905459999999948,-6.848760000000027
356,2018-04-24 21:30:00,445.3,6.3092,473.000724,439.246504,27.70072399999998,-6.0534959999999955
357,2018-04-24 22:00:00,446.2,6.3092,472.748356,439.183412,26.548356000000013,-7.016588000000013
358,2018-04-24 22:30:00,448.6,6.3092,473.757828,439.8143319999999,25.157827999999995,-8.7856680000001
359,2018-04-24 23:00:00,448.1,6.3092,473.82091999999994,439.8143319999999,25.72091999999992,-8.2856680000001
360,2018-04-24 23:30:00,445.4,6.3092,473.757828,440.00360799999993,28.35782800000004,-5.3963920000000485
361,2018-04-25 00:00:00,444.0,6.3204,474.535632,440.53188000000006,30.53563200000002,-3.468119999999942
362,2018-04-25 00:30:00,444.6,6.3204,474.34602,440.40547200000003,29.746019999999987,-4.194527999999991
363,2018-04-25 01:00:00,444.1,6.3204,474.2828160000001,440.279064,30.18281600000006,-3.8209360000000174
364,2018-04-25 01:30:00,442.4,6.3204,474.156408,440.279064,31.75640800000002,-2.120935999999972
365,2018-04-25 02:00:00,439.8,6.3204,474.472428,440.468676,34.67242799999997,0.6686760000000049
366,2018-04-25 02:30:00,438.4,6.3204,473.650776,439.83663600000006,35.25077600000003,1.4366360000000782
367,2018-04-25 09:00:00,440.1,6.3204,473.650776,441.47994,33.550775999999985,1.3799399999999764
368,2018-04-25 09:30:00,438.4,6.3204,472.76592,440.784696,34.36592000000002,2.3846960000000195
369,2018-04-25 10:00:00,436.9,6.3204,472.00747200000006,439.45741200000003,35.10747200000009,2.557412000000056
370,2018-04-25 10:30:00,437.4,6.3204,472.51310400000006,440.279064,35.11310400000008,2.879064000000028
371,2018-04-25 11:00:00,438.4,6.3204,473.777184,441.416736,35.377184,3.016736000000037
372,2018-04-25 11:30:00,438.9,6.3204,472.70271600000007,440.84790000000004,33.80271600000009,1.947900000000061
373,2018-04-25 13:30:00,438.3,6.3204,473.90359200000006,441.47994,35.60359200000005,3.1799399999999878
374,2018-04-25 14:00:00,438.2,6.3204,475.42048800000003,442.807224,37.220488000000046,4.607224000000031
375,2018-04-25 14:30:00,438.2,6.3204,474.91485600000004,441.79596000000004,36.714856000000054,3.595960000000048
376,2018-04-25 15:00:00,438.0,6.3204,474.66204,441.606348,36.66203999999999,3.6063480000000254
377,2018-04-25 21:00:00,437.9,6.3204,477.94864800000005,444.64014,40.04864800000007,6.740139999999997
378,2018-04-25 21:30:00,440.3,6.3204,478.011852,444.703344,37.711851999999965,4.403344000000004
379,2018-04-25 22:00:00,439.6,6.3204,477.885444,444.64014,38.285443999999984,5.040139999999951
380,2018-04-25 22:30:00,437.1,6.3204,477.94864800000005,444.95616000000007,40.848648000000026,7.856160000000045
381,2018-04-25 23:00:00,437.2,6.3204,478.011852,445.019364,40.81185199999999,7.819364000000007
382,2018-04-25 23:30:00,438.2,6.3204,478.011852,445.019364,39.81185199999999,6.819364000000007
383,2018-04-26 00:00:00,438.0,6.33,479.18100000000004,445.9485,41.18100000000004,7.948500000000024
384,2018-04-26 00:30:00,437.7,6.33,479.24429999999995,445.8219,41.544299999999964,8.12190000000004
385,2018-04-26 01:00:00,437.2,6.33,478.9278,445.44210000000004,41.7278,8.24210000000005
386,2018-04-26 01:30:00,439.0,6.33,478.8012,445.2522,39.801199999999994,6.252200000000016
387,2018-04-26 02:00:00,439.7,6.33,478.3581,444.6192,38.65809999999999,4.919199999999989
388,2018-04-26 02:30:00,441.5,6.33,477.915,444.6192,36.41500000000002,3.119199999999978
389,2018-04-26 09:00:00,443.5,6.33,481.08,446.5815,37.579999999999984,3.0815000000000055
390,2018-04-26 09:30:00,444.4,6.33,480.1305,445.3788,35.730500000000006,0.9788000000000352
391,2018-04-26 10:00:00,443.7,6.33,478.73789999999997,443.85960000000006,35.03789999999998,0.15960000000006858
392,2018-04-26 10:30:00,443.6,6.33,479.94059999999996,444.42929999999996,36.34059999999994,0.8292999999999324
393,2018-04-26 11:00:00,444.1,6.33,479.3709,444.0495,35.27089999999998,-0.050499999999999545
394,2018-04-26 11:30:00,444.8,6.33,478.04159999999996,442.15049999999997,33.24159999999995,-2.649500000000046
395,2018-04-26 13:30:00,443.9,6.33,478.4214,443.22659999999996,34.52140000000003,-0.6734000000000151
396,2018-04-26 14:00:00,443.8,6.33,480.38370000000003,444.1128,36.58370000000002,0.31279999999998154
397,2018-04-26 14:30:00,442.4,6.33,480.38370000000003,444.6192,37.983700000000056,2.2192000000000007
398,2018-04-26 15:00:00,441.4,6.33,480.44700000000006,444.23940000000005,39.04700000000008,2.8394000000000688
399,2018-04-26 21:00:00,443.6,6.33,478.9278,443.0367,35.32779999999997,-0.5633000000000266
400,2018-04-26 21:30:00,443.2,6.33,478.8645,442.9734,35.66450000000003,-0.22659999999996217
401,2018-04-26 22:00:00,442.1,6.33,479.05440000000004,443.0367,36.95440000000002,0.9366999999999734
402,2018-04-26 22:30:00,442.3,6.33,478.67460000000005,442.7202,36.374600000000044,0.4201999999999657
403,2018-04-26 23:00:00,442.7,6.33,478.4214,442.5303,35.72140000000002,-0.16969999999997754
404,2018-04-26 23:30:00,442.5,6.33,478.67460000000005,442.7835,36.174600000000055,0.28350000000000364
405,2018-04-27 00:00:00,441.9,6.3439,479.66227899999996,443.882683,37.76227899999998,1.9826830000000086
406,2018-04-27 00:30:00,441.8,6.3439,480.169791,444.326756,38.369790999999964,2.5267559999999776
407,2018-04-27 01:00:00,442.6,6.3439,479.9794739999999,444.19987799999996,37.3794739999999,1.5998779999999329
408,2018-04-27 01:30:00,441.8,6.3439,479.535401,443.8192439999999,37.73540099999997,2.019243999999901
409,2018-04-27 02:00:00,442.2,6.3439,479.345084,443.755805,37.145084,1.5558050000000208
410,2018-04-27 02:30:00,443.1,6.3439,479.78915699999993,444.326756,36.68915699999991,1.2267559999999662
411,2018-04-27 09:00:00,442.7,6.3439,479.535401,442.867659,36.83540099999999,0.16765900000001466
412,2018-04-27 09:30:00,442.1,6.3439,479.78915699999993,442.740781,37.68915699999991,0.640781000000004
413,2018-04-27 10:00:00,442.1,6.3439,482.07296099999996,445.40521899999993,39.97296099999994,3.3052189999999086
414,2018-04-27 10:30:00,442.3,6.3439,480.55042499999996,443.62892700000003,38.25042499999995,1.3289270000000215
415,2018-04-27 11:00:00,442.1,6.3439,480.169791,443.62892700000003,38.06979099999995,1.5289270000000101
416,2018-04-27 11:30:00,442.0,6.3439,479.9794739999999,443.62892700000003,37.979473999999925,1.6289270000000329
417,2018-04-27 13:30:00,442.5,6.3439,482.26327799999996,445.722414,39.76327799999996,3.2224140000000148
418,2018-04-27 14:00:00,442.2,6.3439,480.36010799999997,444.263317,38.16010799999998,2.0633169999999836
419,2018-04-27 14:30:00,442.1,6.3439,479.852596,444.263317,37.75259599999998,2.1633169999999495
420,2018-04-27 15:00:00,444.2,6.3439,479.66227899999996,444.263317,35.46227899999997,0.06331699999998364
421,2018-05-02 09:00:00,440.3,6.3602,474.59812400000004,439.80783,34.29812400000003,-0.49216999999998734
422,2018-05-02 09:30:00,439.9,6.3602,475.74296,440.316646,35.842960000000005,0.4166460000000143
423,2018-05-02 10:00:00,439.6,6.3602,475.04333799999995,439.10820800000005,35.443337999999926,-0.49179199999997536
424,2018-05-02 10:30:00,440.1,6.3602,476.506184,441.58868600000005,36.406183999999996,1.4886860000000297
425,2018-05-02 11:00:00,440.5,6.3602,475.04333799999995,440.316646,34.54333799999995,-0.18335400000000845
426,2018-05-02 11:30:00,441.0,6.3602,476.124572,440.825462,35.124572,-0.1745379999999841
427,2018-05-02 13:30:00,440.8,6.3602,477.33300999999994,441.97029799999996,36.53300999999993,1.1702979999999457
428,2018-05-02 14:00:00,441.7,6.3602,479.113866,444.57798,37.413865999999985,2.8779800000000364
429,2018-05-02 14:30:00,443.1,6.3602,479.113866,444.832388,36.01386599999995,1.7323879999999576
430,2018-05-02 15:00:00,443.5,6.3602,478.15983600000004,444.196368,34.65983600000004,0.6963680000000068
431,2018-05-02 21:00:00,441.3,6.3602,478.35064199999994,444.06916399999994,37.050641999999925,2.7691639999999325
432,2018-05-02 21:30:00,440.1,6.3602,478.223438,444.132766,38.123437999999965,4.032765999999981
433,2018-05-02 22:00:00,440.9,6.3602,478.15983600000004,444.005562,37.259836000000064,3.1055620000000204
434,2018-05-02 22:30:00,440.4,6.3602,477.96903000000003,443.87835800000005,37.569030000000055,3.478358000000071
435,2018-05-02 23:00:00,441.7,6.3602,478.15983600000004,444.005562,36.45983600000005,2.305562000000009
436,2018-05-02 23:30:00,440.5,6.3602,478.096234,444.06916399999994,37.59623399999998,3.569163999999944
437,2018-05-03 00:00:00,441.5,6.3532,477.57004400000005,443.707488,36.07004400000005,2.207488000000012
438,2018-05-03 00:30:00,441.3,6.3532,477.697108,443.89808400000004,36.397108,2.5980840000000285
439,2018-05-03 01:00:00,441.5,6.3532,477.379448,443.45336,35.879448000000025,1.9533599999999751
440,2018-05-03 01:30:00,441.6,6.3532,477.506512,443.580424,35.906511999999964,1.9804239999999709
441,2018-05-03 02:00:00,442.3,6.3532,477.824172,443.89808400000004,35.524171999999965,1.5980840000000285
442,2018-05-03 02:30:00,445.2,6.3532,478.52302399999996,444.15221199999996,33.323023999999975,-1.0477880000000255
443,2018-05-03 09:00:00,443.7,6.3532,475.34642399999996,441.674464,31.646423999999968,-2.0255359999999882
444,2018-05-03 09:30:00,446.7,6.3532,475.34642399999996,441.54740000000004,28.646423999999968,-5.15259999999995
445,2018-05-03 10:00:00,446.8,6.3532,474.45697600000005,440.72148400000003,27.656976000000043,-6.078515999999979
446,2018-05-03 10:30:00,446.7,6.3532,475.66408400000006,441.420336,28.96408400000007,-5.279663999999968
447,2018-05-03 11:00:00,446.5,6.3532,477.12532,442.373316,30.625319999999988,-4.126684000000012
448,2018-05-03 11:30:00,446.5,6.3532,478.71362,443.83455200000003,32.21361999999999,-2.6654479999999694
449,2018-05-03 13:30:00,446.2,6.3532,481.953752,447.77353600000004,35.75375200000002,1.573536000000047
450,2018-05-03 14:00:00,446.5,6.3532,480.683112,447.64647199999996,34.183111999999994,1.1464719999999602
451,2018-05-03 14:30:00,446.7,6.3532,480.81017600000007,447.39234400000004,34.11017600000008,0.6923440000000483
452,2018-05-03 15:00:00,447.0,6.3532,481.000772,447.837068,34.000771999999984,0.8370679999999879
453,2018-05-03 21:00:00,444.8,6.3532,480.42898400000007,447.519408,35.62898400000006,2.719407999999987
454,2018-05-03 21:30:00,444.3,6.3532,480.365452,447.45587600000005,36.06545199999999,3.1558760000000348
455,2018-05-03 22:00:00,444.9,6.3532,479.92072800000005,447.07468400000005,35.02072800000008,2.1746840000000702
456,2018-05-03 22:30:00,443.7,6.3532,480.23838800000004,447.45587600000005,36.538388000000054,3.7558760000000575
457,2018-05-03 23:00:00,443.9,6.3532,480.42898400000007,447.519408,36.528984000000094,3.6194080000000213
458,2018-05-03 23:30:00,444.7,6.3532,480.11132399999997,447.011152,35.41132399999998,2.3111519999999928
459,2018-05-04 00:00:00,445.3,6.3589,480.54207299999996,447.47579300000007,35.24207299999995,2.1757930000000556
460,2018-05-04 00:30:00,445.4,6.3589,480.605662,447.539382,35.20566200000002,2.139382000000012
461,2018-05-04 01:00:00,447.1,6.3589,480.923607,447.85732700000005,33.82360699999998,0.7573270000000321
462,2018-05-04 01:30:00,447.4,6.3589,481.24155200000007,448.17527200000006,33.84155200000009,0.7752720000000863
463,2018-05-04 02:00:00,447.5,6.3589,480.73283999999995,447.793738,33.23283999999995,0.29373800000001893
464,2018-05-04 02:30:00,448.0,6.3589,480.47848400000004,447.539382,32.47848400000004,-0.46061800000001085
465,2018-05-04 09:00:00,448.0,6.3589,481.17796300000003,448.36603900000006,33.177963000000034,0.3660390000000575
466,2018-05-04 09:30:00,447.1,6.3589,481.94103100000007,449.701408,34.841031000000044,2.601407999999992
467,2018-05-04 10:00:00,447.2,6.3589,481.94103100000007,449.95576400000004,34.74103100000008,2.755764000000056
468,2018-05-04 10:30:00,447.1,6.3589,484.03946800000006,451.100366,36.93946800000003,4.000365999999985
469,2018-05-04 11:00:00,447.2,6.3589,484.92971400000005,450.97318800000005,37.72971400000006,3.7731880000000615
470,2018-05-04 11:30:00,447.5,6.3589,488.808643,456.759787,41.30864300000002,9.259787000000017
471,2018-05-04 13:30:00,447.7,6.3589,488.93582100000003,456.56902,41.235821000000044,8.869020000000035
472,2018-05-04 14:00:00,447.5,6.3589,489.062999,456.12389700000006,41.56299899999999,8.623897000000056
473,2018-05-04 14:30:00,447.2,6.3589,488.681465,455.551596,41.481465000000014,8.351596000000029
474,2018-05-04 15:00:00,446.9,6.3589,489.19017700000006,455.996719,42.290177000000085,9.096719000000007
475,2018-05-07 09:00:00,455.8,6.3649,493.59799499999997,460.18226999999996,37.79799499999996,4.382269999999949
476,2018-05-07 09:30:00,455.8,6.3649,493.97988899999996,460.18226999999996,38.179888999999946,4.382269999999949
477,2018-05-07 10:00:00,456.8,6.3649,494.934624,460.69146199999994,38.134623999999974,3.891461999999933
478,2018-05-07 10:30:00,459.1,6.3649,496.39855099999994,461.518899,37.29855099999992,2.4188989999999535
479,2018-05-07 11:00:00,459.3,6.3649,496.525849,461.3916009999999,37.22584899999998,2.091600999999912
480,2018-05-07 11:30:00,460.3,6.3649,496.525849,461.3916009999999,36.22584899999998,1.091600999999912
481,2018-05-07 13:30:00,459.6,6.3649,498.05342499999995,462.98282599999993,38.453424999999925,3.382825999999909
482,2018-05-07 14:00:00,460.9,6.3649,497.225988,462.72823,36.325987999999995,1.8282300000000191
483,2018-05-07 14:30:00,460.8,6.3649,492.07041899999996,456.99981999999994,31.270418999999947,-3.8001800000000685
484,2018-05-07 15:00:00,458.3,6.3649,491.81582299999997,456.61792599999995,33.515822999999955,-1.682074000000057
485,2018-05-07 21:00:00,461.5,6.3649,494.17083599999995,458.97293899999994,32.67083599999995,-2.52706100000006
486,2018-05-07 21:30:00,458.3,6.3649,493.7252929999999,458.654694,35.4252929999999,0.35469399999999496
487,2018-05-07 22:00:00,459.1,6.3649,493.9162399999999,458.59104499999995,34.81623999999988,-0.5089550000000713
488,2018-05-07 22:30:00,459.9,6.3649,493.66164399999997,458.27279999999996,33.76164399999999,-1.6272000000000162
489,2018-05-07 23:00:00,460.2,6.3649,493.27975,457.95455499999997,33.07974999999999,-2.245445000000018
490,2018-05-07 23:30:00,460.3,6.3649,492.57961099999994,457.381714,32.27961099999993,-2.9182860000000233
491,2018-05-08 00:00:00,461.0,6.3676,492.979592,457.83044000000007,31.979592000000025,-3.169559999999933
492,2018-05-08 00:30:00,461.1,6.3676,492.85224000000005,457.63941200000005,31.75224000000003,-3.460587999999973
493,2018-05-08 01:00:00,460.8,6.3676,492.788564,457.63941200000005,31.988563999999997,-3.1605879999999615
494,2018-05-08 01:30:00,461.0,6.3676,493.48900000000003,458.3398480000001,32.48900000000003,-2.6601519999999255
495,2018-05-08 02:00:00,461.4,6.3676,494.889872,459.86807200000004,33.48987200000005,-1.5319279999999367
496,2018-05-08 02:30:00,461.6,6.3676,494.25311200000004,459.54969200000005,32.65311200000002,-2.0503079999999727
497,2018-05-08 09:00:00,458.9,6.3676,496.290744,460.0591,37.39074400000004,1.1591000000000236
498,2018-05-08 09:30:00,458.8,6.3676,494.380464,458.0214680000001,35.580464000000006,-0.7785319999999274
499,2018-05-08 10:00:00,458.6,6.3676,491.8971,456.174864,33.2971,-2.425136000000009
500,2018-05-08 10:30:00,458.9,6.3676,492.024452,456.4295680000001,33.12445200000002,-2.470431999999903
501,2018-05-08 11:00:00,458.1,6.3676,483.49186800000007,447.51492800000005,25.391868000000045,-10.585071999999968
502,2018-05-08 11:30:00,457.4,6.3676,489.15903199999997,452.290628,31.75903199999999,-5.109371999999951
503,2018-05-08 13:30:00,457.3,6.3676,486.93037200000003,450.698728,29.630372000000023,-6.6012719999999945
504,2018-05-08 14:00:00,458.4,6.3676,490.050496,452.80003600000003,31.650496000000032,-5.599963999999943
505,2018-05-08 14:30:00,459.4,6.3676,494.25311200000004,456.4295680000001,34.85311200000007,-2.970431999999903
506,2018-05-08 15:00:00,459.1,6.3676,494.189436,456.04751200000004,35.08943599999998,-3.0524879999999825
507,2018-05-08 21:00:00,459.2,6.3676,500.939092,462.60614000000004,41.73909200000003,3.4061400000000503
508,2018-05-08 21:30:00,460.4,6.3676,500.684388,462.28776,40.284388000000035,1.8877600000000143
509,2018-05-08 22:00:00,459.8,6.3676,500.939092,462.4151120000001,41.139092000000005,2.6151120000000674
510,2018-05-08 22:30:00,458.5,6.3676,500.81174000000004,462.35143600000004,42.31174000000004,3.851436000000035
511,2018-05-08 23:00:00,457.9,6.3676,501.066444,462.54246400000005,43.16644400000001,4.642464000000075
512,2018-05-08 23:30:00,447.1,6.3676,501.066444,462.54246400000005,53.96644399999997,15.44246400000003
513,2018-05-09 00:00:00,453.1,6.3784,501.724944,463.263192,48.62494399999997,10.163191999999981
514,2018-05-09 00:30:00,452.2,6.3784,501.724944,463.19940800000006,49.524944000000005,10.999408000000074
515,2018-05-09 01:00:00,450.7,6.3784,501.85251200000005,463.326976,51.15251200000006,12.626976000000013
516,2018-05-09 01:30:00,452.7,6.3784,501.66116000000005,463.07183999999995,48.96116000000006,10.371839999999963
517,2018-05-09 02:00:00,452.5,6.3784,500.7044,462.434,48.20440000000002,9.934000000000026
518,2018-05-09 02:30:00,454.4,6.3784,501.85251200000005,463.07183999999995,47.45251200000007,8.671839999999975
519,2018-05-09 09:00:00,461.8,6.3784,501.406024,463.454544,39.60602399999999,1.6545439999999871
520,2018-05-09 09:30:00,466.1,6.3784,503.510896,465.04914399999996,37.41089599999998,-1.050856000000067
521,2018-05-09 10:00:00,465.5,6.3784,504.977928,466.26104,39.47792800000002,0.76103999999998
522,2018-05-09 10:30:00,465.7,6.3784,502.554136,464.34752,36.85413600000004,-1.3524800000000141
523,2018-05-09 11:00:00,465.3,6.3784,504.59522400000003,466.19725600000004,39.29522400000002,0.8972560000000271
524,2018-05-09 11:30:00,465.8,6.3784,503.44711200000006,465.559416,37.64711200000005,-0.24058400000001257
525,2018-05-09 13:30:00,465.6,6.3784,504.403872,466.707528,38.803871999999956,1.107528000000002
526,2018-05-09 14:00:00,465.0,6.3784,504.786576,466.00590400000004,39.786576000000025,1.0059040000000437
527,2018-05-09 14:30:00,465.4,6.3784,505.23306399999996,466.707528,39.83306399999998,1.3075280000000475
528,2018-05-09 15:00:00,465.2,6.3784,505.0417120000001,466.51617600000003,39.841712000000086,1.3161760000000413
529,2018-05-09 21:00:00,466.9,6.3784,508.23091200000005,469.96051200000005,41.33091200000007,3.060512000000074
530,2018-05-09 21:30:00,466.9,6.3784,508.486048,469.76916000000006,41.586048000000005,2.869160000000079
531,2018-05-09 22:00:00,467.6,6.3784,508.613616,470.08808000000005,41.013615999999956,2.488080000000025
532,2018-05-09 22:30:00,471.2,6.3784,508.486048,469.896728,37.286047999999994,-1.3032719999999927
533,2018-05-09 23:00:00,468.6,6.3784,508.804968,470.024296,40.20496799999995,1.4242959999999698
534,2018-05-09 23:30:00,468.6,6.3784,508.99631999999997,470.27943200000004,40.396319999999946,1.6794320000000198
535,2018-05-10 00:00:00,468.5,6.3613,507.63174,469.01864900000004,39.13173999999998,0.518649000000039
536,2018-05-10 00:30:00,469.6,6.3613,507.63174,468.955036,38.03173999999996,-0.6449640000000159
537,2018-05-10 01:00:00,469.1,6.3613,507.377288,468.70058400000005,38.277288,-0.3994159999999738
538,2018-05-10 01:30:00,469.6,6.3613,507.122836,468.446132,37.522835999999984,-1.1538680000000454
539,2018-05-10 02:00:00,469.1,6.3613,507.122836,468.573358,38.022835999999984,-0.526642000000038
540,2018-05-10 02:30:00,469.7,6.3613,508.204257,469.40032700000006,38.504256999999996,-0.29967299999992747
541,2018-05-10 09:00:00,472.5,6.3613,503.051604,465.456321,30.551603999999998,-7.043678999999997
542,2018-05-10 09:30:00,474.4,6.3613,500.31624500000004,463.22986599999996,25.91624500000006,-11.170134000000019
543,2018-05-10 10:00:00,474.2,6.3613,502.28824799999995,464.31128699999994,28.088247999999965,-9.888713000000052
544,2018-05-10 10:30:00,474.5,6.3613,501.90657000000004,463.611544,27.406570000000045,-10.88845600000002
545,2018-05-10 11:00:00,474.6,6.3613,503.49689500000005,465.32909500000005,28.89689500000003,-9.27090499999997
546,2018-05-10 11:30:00,474.7,6.3613,503.242443,465.074643,28.54244299999999,-9.625357000000008
547,2018-05-10 13:30:00,474.6,6.3613,502.033796,463.73877000000005,27.433795999999973,-10.861229999999978
548,2018-05-10 14:00:00,473.8,6.3613,505.59612400000003,466.664968,31.79612400000002,-7.135032000000024
549,2018-05-10 14:30:00,474.8,6.3613,505.532511,466.855807,30.732510999999988,-7.944192999999984
550,2018-05-10 15:00:00,476.4,6.3613,505.34167199999996,466.792194,28.941671999999983,-9.607805999999982
551,2018-05-10 21:00:00,473.5,6.3613,504.896381,466.60135499999996,31.39638100000002,-6.8986450000000445
552,2018-05-10 21:30:00,470.9,6.3613,504.896381,466.60135499999996,33.99638100000004,-4.298645000000022
553,2018-05-10 22:00:00,467.8,6.3613,504.896381,466.664968,37.09638100000001,-1.1350320000000238
554,2018-05-10 22:30:00,469.4,6.3613,504.514703,466.21967700000005,35.11470300000002,-3.1803229999999303
555,2018-05-10 23:00:00,468.9,6.3613,504.38747700000005,465.965225,35.48747700000007,-2.934775000000002
556,2018-05-10 23:30:00,471.0,6.3613,504.514703,466.21967700000005,33.514703,-4.780322999999953
557,2018-05-11 00:00:00,470.9,6.3351,502.56348299999996,464.299479,31.663482999999985,-6.600520999999958
558,2018-05-11 00:30:00,470.1,6.3351,502.753536,464.55288299999995,32.653535999999974,-5.547117000000071
559,2018-05-11 01:00:00,470.1,6.3351,502.88023799999996,464.55288299999995,32.78023799999994,-5.547117000000071
560,2018-05-11 01:30:00,470.4,6.3351,502.37343,464.299479,31.973430000000008,-6.100520999999958
561,2018-05-11 02:00:00,470.6,6.3351,502.31007900000003,464.236128,31.710079000000007,-6.363872000000015
562,2018-05-11 02:30:00,472.7,6.3351,502.37343,464.046075,29.673429999999996,-8.653925000000015
563,2018-05-11 09:00:00,471.9,6.3351,502.24672799999996,463.41256500000003,30.346727999999985,-8.487434999999948
564,2018-05-11 09:30:00,471.8,6.3351,501.929973,463.34921399999996,30.129973000000007,-8.45078600000005
565,2018-05-11 10:00:00,472.2,6.3351,501.42316500000004,462.77905499999997,29.22316500000005,-9.420945000000017
566,2018-05-11 10:30:00,472.5,6.3351,503.260344,464.36283,30.760343999999975,-8.137170000000026
567,2018-05-11 11:00:00,472.2,6.3351,502.88023799999996,463.539267,30.680237999999974,-8.660732999999993
568,2018-05-11 11:30:00,471.3,6.3351,502.50013199999995,462.652353,31.20013199999994,-8.647647000000006
569,2018-05-11 13:30:00,471.7,6.3351,503.323695,463.032459,31.623694999999998,-8.667540999999972
570,2018-05-11 14:00:00,471.4,6.3351,501.043059,460.56177,29.64305900000005,-10.838229999999953
571,2018-05-11 14:30:00,471.4,6.3351,500.536251,459.73820699999993,29.136251000000016,-11.661793000000046
572,2018-05-11 15:00:00,471.2,6.3351,500.536251,459.80155799999994,29.336251000000004,-11.398442000000045
573,2018-05-14 09:00:00,468.6,6.3368,502.76171200000005,461.0022,34.16171200000002,-7.5978000000000065
574,2018-05-14 09:30:00,462.9,6.3368,505.10632799999996,463.093344,42.206327999999985,0.1933440000000246
575,2018-05-14 10:00:00,465.7,6.3368,505.93011200000007,462.90324,40.23011200000008,-2.796760000000006
576,2018-05-14 10:30:00,465.7,6.3368,507.83115200000003,463.790392,42.13115200000004,-1.9096079999999915
577,2018-05-14 11:00:00,466.1,6.3368,506.31032000000005,462.206192,40.210320000000024,-3.8938080000000355
578,2018-05-14 11:30:00,466.0,6.3368,508.464832,463.7270240000001,42.464832,-2.2729759999999146
579,2018-05-14 13:30:00,466.1,6.3368,507.19747200000006,461.128936,41.09747200000004,-4.971064000000013
580,2018-05-14 14:00:00,465.5,6.3368,508.40146400000003,462.5864,42.90146400000003,-2.913599999999974
581,2018-05-14 14:30:00,465.6,6.3368,509.351984,463.029976,43.75198399999999,-2.5700240000000463
582,2018-05-14 15:00:00,465.6,6.3368,509.351984,462.966608,43.75198399999999,-2.633392000000015
583,2018-05-14 21:00:00,469.3,6.3368,508.78167200000007,462.64976800000005,39.48167200000006,-6.65023199999996
584,2018-05-14 21:30:00,468.4,6.3368,508.65493599999996,462.523032,40.25493599999999,-5.876967999999977
585,2018-05-14 22:00:00,469.8,6.3368,508.65493599999996,462.26956,38.85493599999995,-7.530439999999999
586,2018-05-14 22:30:00,470.3,6.3368,508.5282,462.396296,38.228200000000015,-7.903704000000005
587,2018-05-14 23:00:00,471.9,6.3368,508.59156800000005,462.523032,36.691568000000075,-9.376967999999977
588,2018-05-14 23:30:00,471.6,6.3368,508.908408,462.83987200000007,37.308407999999986,-8.760127999999952
589,2018-05-15 00:00:00,472.3,6.3535,510.376655,464.05964000000006,38.07665500000002,-8.240359999999953
590,2018-05-15 00:30:00,471.6,6.3535,510.1225150000001,463.741965,38.522515000000055,-7.858035000000029
591,2018-05-15 01:00:00,471.6,6.3535,509.995445,463.55136,38.395444999999995,-8.048640000000034
592,2018-05-15 01:30:00,471.7,6.3535,509.67777,463.29722000000004,37.97777000000002,-8.40277999999995
593,2018-05-15 02:00:00,471.3,6.3535,509.614235,463.17015000000004,38.314235,-8.129849999999976
594,2018-05-15 02:30:00,471.3,6.3535,509.487165,463.10661500000003,38.18716499999999,-8.193384999999978
595,2018-05-15 09:00:00,472.5,6.3535,510.63079500000003,464.123175,38.130795000000035,-8.376824999999997
596,2018-05-15 09:30:00,472.8,6.3535,508.089395,460.6922850000001,35.28939500000001,-12.107714999999928
597,2018-05-15 10:00:00,472.5,6.3535,509.614235,462.02652,37.11423500000001,-10.473479999999995
598,2018-05-15 10:30:00,471.5,6.3535,513.680475,463.233685,42.180475,-8.26631500000002
599,2018-05-15 11:00:00,471.9,6.3535,513.61694,462.85247499999997,41.71694000000002,-9.047525000000007
600,2018-05-15 11:30:00,472.2,6.3535,512.2191700000001,461.64531,40.01917000000009,-10.554689999999994
601,2018-05-15 13:30:00,472.0,6.3535,512.0921,464.7585250000001,40.09209999999996,-7.241474999999923
602,2018-05-15 14:00:00,472.0,6.3535,510.884935,465.71155,38.884934999999984,-6.288450000000012
603,2018-05-15 14:30:00,472.1,6.3535,509.36009500000006,464.7585250000001,37.260095000000035,-7.341474999999946
604,2018-05-15 15:00:00,472.8,6.3535,509.868375,465.07620000000003,37.068375,-7.723799999999983
605,2018-05-15 21:00:00,476.2,6.3535,509.29656,463.86903500000005,33.09656000000001,-12.330964999999935
606,2018-05-15 21:30:00,472.3,6.3535,509.23302500000005,463.86903500000005,36.93302500000004,-8.430964999999958
607,2018-05-15 22:00:00,471.2,6.3535,509.55070000000006,464.250245,38.350700000000074,-6.949754999999982
608,2018-05-15 22:30:00,471.9,6.3535,509.868375,464.37731500000007,37.96837500000004,-7.52268499999991
609,2018-05-15 23:00:00,474.7,6.3535,509.80484,464.37731500000007,35.104840000000024,-10.322684999999922
610,2018-05-15 23:30:00,474.9,6.3535,510.376655,464.82206,35.47665500000005,-10.077939999999955
611,2018-05-16 00:00:00,474.8,6.3685,511.072125,465.40998,36.27212500000002,-9.390019999999993
612,2018-05-16 00:30:00,475.4,6.3685,511.19949499999996,465.601035,35.79949499999998,-9.798964999999953
613,2018-05-16 01:00:00,476.6,6.3685,510.88107,465.91945999999996,34.28107,-10.680540000000065
614,2018-05-16 01:30:00,476.3,6.3685,511.00843999999995,465.91945999999996,34.70843999999994,-10.380540000000053
615,2018-05-16 02:00:00,476.1,6.3685,510.94475500000004,465.53734999999995,34.84475500000002,-10.562650000000076
616,2018-05-16 02:30:00,476.7,6.3685,510.690015,465.02786999999995,33.99001500000003,-11.672130000000038
617,2018-05-16 09:00:00,474.3,6.3685,508.46104,464.45470500000005,34.161040000000014,-9.845294999999965
618,2018-05-16 09:30:00,474.0,6.3685,508.84315000000004,463.88154000000003,34.84315000000004,-10.11845999999997
619,2018-05-16 10:00:00,474.5,6.3685,510.37159,465.34629499999994,35.871590000000026,-9.153705000000059
620,2018-05-16 10:30:00,475.2,6.3685,509.98948,464.83681499999994,34.789480000000026,-10.363185000000044
621,2018-05-16 11:00:00,475.4,6.3685,511.00843999999995,465.40998,35.60843999999997,-9.990019999999959
622,2018-05-16 11:30:00,475.1,6.3685,509.86211000000003,464.26365000000004,34.76211000000001,-10.836349999999982
623,2018-05-16 13:30:00,475.2,6.3685,515.0205950000001,465.91945999999996,39.82059500000008,-9.28054000000003
624,2018-05-16 14:00:00,475.4,6.3685,517.185885,467.63895500000007,41.78588500000001,-7.7610449999999105
625,2018-05-16 14:30:00,474.1,6.3685,516.4853499999999,467.32052999999996,42.3853499999999,-6.77947000000006
626,2018-05-16 15:00:00,473.1,6.3685,517.1222,467.83000999999996,44.0222,-5.269990000000064
627,2018-05-16 21:00:00,472.5,6.3685,517.567995,469.10371,45.067994999999996,-3.396290000000022
628,2018-05-16 21:30:00,472.9,6.3685,517.8864199999999,469.10371,44.98641999999995,-3.796289999999999
629,2018-05-16 22:00:00,473.3,6.3685,517.950105,469.35845,44.650104999999996,-3.9415500000000065
630,2018-05-16 22:30:00,474.4,6.3685,518.14116,469.676875,43.741160000000036,-4.723124999999982
631,2018-05-16 23:00:00,473.7,6.3685,518.714325,469.9953,45.01432500000004,-3.7047000000000025
632,2018-05-16 23:30:00,475.9,6.3685,518.3959000000001,469.549505,42.49590000000012,-6.350494999999967
633,2018-05-17 00:00:00,475.1,6.3671,518.218269,469.50995399999994,43.11826899999994,-5.590046000000086
634,2018-05-17 00:30:00,475.5,6.3671,518.154598,469.382612,42.654597999999964,-6.117388000000005
635,2018-05-17 01:00:00,476.2,6.3671,518.090927,469.19159899999994,41.89092699999998,-7.008401000000049
636,2018-05-17 01:30:00,476.2,6.3671,518.663966,469.70096699999993,42.46396599999997,-6.499033000000054
637,2018-05-17 02:00:00,476.1,6.3671,518.28194,469.50995399999994,42.18193999999994,-6.590046000000086
638,2018-05-17 02:30:00,480.3,6.3671,518.28194,469.12792800000005,37.98193999999995,-11.172071999999957
639,2018-05-17 09:00:00,481.4,6.3671,520.001057,470.337677,38.60105699999997,-11.062322999999992
640,2018-05-17 09:30:00,479.9,6.3671,520.892451,470.847045,40.992451000000074,-9.052954999999997
641,2018-05-17 10:00:00,480.8,6.3671,521.8475159999999,470.52869000000004,41.047515999999916,-10.271309999999971
642,2018-05-17 10:30:00,481.1,6.3671,523.693975,470.52869000000004,42.593975,-10.571309999999983
643,2018-05-17 11:00:00,481.5,6.3671,524.903724,472.120465,43.40372400000001,-9.379534999999976
644,2018-05-17 11:30:00,484.3,6.3671,523.502962,468.42754699999995,39.202962000000014,-15.872453000000064
645,2018-05-17 13:30:00,483.2,6.3671,517.517888,467.09045599999996,34.31788799999998,-16.109544000000028
646,2018-05-17 14:00:00,484.2,6.3671,517.64523,467.854508,33.44522999999998,-16.34549199999998
647,2018-05-17 14:30:00,483.5,6.3671,518.154598,468.363876,34.654597999999964,-15.136123999999995
648,2018-05-17 15:00:00,481.9,6.3671,518.345611,468.363876,36.445610999999985,-13.536123999999973
649,2018-05-17 21:00:00,484.1,6.3671,519.109663,468.554889,35.00966299999993,-15.54511100000002
650,2018-05-17 21:30:00,484.0,6.3671,519.1733340000001,468.61855999999995,35.17333400000007,-15.381440000000055
651,2018-05-17 22:00:00,483.8,6.3671,519.491689,468.80957299999994,35.69168899999994,-14.990427000000068
652,2018-05-17 22:30:00,485.0,6.3671,519.428018,468.745902,34.42801799999995,-16.254098
653,2018-05-17 23:00:00,486.0,6.3671,519.237005,468.554889,33.237004999999954,-17.445110999999997
654,2018-05-17 23:30:00,487.7,6.3671,519.1733340000001,468.745902,31.47333400000008,-18.954097999999988
655,2018-05-18 00:00:00,485.8,6.376,519.83528,469.33736000000005,34.03528,-16.462639999999965
656,2018-05-18 00:30:00,485.5,6.376,519.45272,469.14608000000004,33.95272,-16.35391999999996
657,2018-05-18 01:00:00,483.3,6.376,519.70776,469.33736000000005,36.407759999999996,-13.962639999999965
658,2018-05-18 01:30:00,483.8,6.376,519.83528,469.40112000000005,36.03528,-14.398879999999963
659,2018-05-18 02:00:00,482.5,6.376,519.70776,469.40112000000005,37.20776000000001,-13.098879999999951
660,2018-05-18 02:30:00,482.5,6.376,520.15408,469.65616,37.65408000000002,-12.84384
661,2018-05-18 09:00:00,483.8,6.376,517.79496,467.55208,33.994959999999935,-16.247920000000022
662,2018-05-18 09:30:00,483.9,6.376,520.21784,468.5084800000001,36.31784000000005,-15.3915199999999
663,2018-05-18 10:00:00,485.0,6.376,518.6238400000001,467.6796,33.62384000000009,-17.320400000000006
664,2018-05-18 10:30:00,485.7,6.376,518.75136,467.61584000000005,33.05135999999999,-18.08415999999994
665,2018-05-18 11:00:00,484.9,6.376,517.4124,467.61584000000005,32.51240000000007,-17.28415999999993
666,2018-05-18 11:30:00,484.5,6.376,516.64728,467.99840000000006,32.14728000000002,-16.50159999999994
667,2018-05-18 13:30:00,484.7,6.376,515.75464,468.38095999999996,31.054640000000006,-16.31904000000003
668,2018-05-18 14:00:00,485.3,6.376,512.6304,467.04200000000003,27.330399999999997,-18.25799999999998
669,2018-05-18 14:30:00,485.0,6.376,513.65056,467.23328000000004,28.65056000000004,-17.766719999999964
670,2018-05-18 15:00:00,486.5,6.376,514.4156800000001,467.61584000000005,27.915680000000066,-18.88415999999995
671,2018-05-21 09:00:00,483.2,6.3888,514.234512,470.151792,31.034512000000007,-13.048207999999988
672,2018-05-21 09:30:00,484.0,6.3888,512.892864,470.21567999999996,28.89286400000003,-13.784320000000037
673,2018-05-21 10:00:00,484.0,6.3888,514.0428479999999,470.471232,30.042847999999935,-13.528768000000014
674,2018-05-21 10:30:00,483.6,6.3888,514.4261759999999,469.832352,30.82617599999992,-13.767648000000008
675,2018-05-21 11:00:00,483.6,6.3888,516.726144,472.068432,33.126143999999954,-11.53156800000005
676,2018-05-21 11:30:00,483.5,6.3888,516.6622560000001,472.77119999999996,33.16225600000007,-10.728800000000035
677,2018-05-21 13:30:00,483.5,6.3888,518.706672,474.49617599999993,35.206672000000026,-9.003824000000066
678,2018-05-21 14:00:00,484.3,6.3888,518.834448,474.3684,34.53444799999994,-9.931600000000003
679,2018-05-21 14:30:00,483.6,6.3888,519.984432,475.071168,36.38443199999995,-8.528832000000023
680,2018-05-21 15:00:00,482.4,6.3888,520.04832,475.198944,37.64832000000001,-7.201055999999994
681,2018-05-21 21:00:00,479.6,6.3888,520.04832,475.9656,40.44831999999997,-3.634400000000028
682,2018-05-21 21:30:00,481.1,6.3888,520.112208,475.773936,39.01220799999999,-5.326064000000031
683,2018-05-21 22:00:00,480.6,6.3888,519.856656,475.582272,39.25665600000002,-5.017728000000034
684,2018-05-21 22:30:00,481.0,6.3888,519.856656,475.518384,38.856656000000044,-5.481615999999974
685,2018-05-21 23:00:00,480.5,6.3888,519.72888,475.582272,39.228880000000004,-4.917728000000011
686,2018-05-21 23:30:00,482.7,6.3888,519.792768,475.64616,37.092768000000035,-7.05383999999998
687,2018-05-22 00:00:00,483.8,6.3709,518.272715,474.24979599999995,34.47271499999994,-9.550204000000065
688,2018-05-22 00:30:00,483.5,6.3709,518.400133,474.440923,34.90013299999998,-9.059077000000002
689,2018-05-22 01:00:00,484.1,6.3709,518.6549689999999,474.568341,34.554968999999915,-9.531659000000047
690,2018-05-22 01:30:00,484.3,6.3709,518.846096,474.63205,34.54609599999998,-9.667950000000019
691,2018-05-22 02:00:00,484.9,6.3709,518.6549689999999,474.63205,33.75496899999996,-10.267949999999985
692,2018-05-22 02:30:00,484.5,6.3709,518.9735139999999,474.75946799999997,34.47351399999991,-9.74053200000003
693,2018-05-22 09:00:00,485.5,6.3709,522.541218,474.18608700000004,37.04121799999996,-11.313912999999957
694,2018-05-22 09:30:00,485.7,6.3709,522.8597629999999,474.95059499999996,37.15976299999994,-10.749405000000024
695,2018-05-22 10:00:00,485.9,6.3709,522.8597629999999,474.24979599999995,36.95976299999995,-11.65020400000003
696,2018-05-22 10:30:00,485.8,6.3709,524.579906,475.396558,38.77990600000004,-10.403441999999984
697,2018-05-22 11:00:00,485.5,6.3709,524.5161969999999,475.587685,39.01619699999992,-9.912314999999978
698,2018-05-22 11:30:00,485.5,6.3709,524.643615,475.96993899999995,39.143614999999954,-9.530061000000046
699,2018-05-22 13:30:00,485.7,6.3709,520.183985,472.08368999999993,34.48398500000002,-13.616310000000055
700,2018-05-22 14:00:00,485.5,6.3709,519.801731,472.01998100000003,34.30173100000002,-13.48001899999997
701,2018-05-22 21:00:00,485.7,6.3709,518.272715,472.08368999999993,32.57271499999996,-13.616310000000055
702,2018-05-22 21:30:00,486.0,6.3709,517.508207,471.701436,31.50820699999997,-14.298563999999999
703,2018-05-22 22:00:00,486.3,6.3709,516.425154,471.00063700000004,30.12515400000001,-15.299362999999971
704,2018-05-22 22:30:00,489.8,6.3709,515.851773,470.49096499999996,26.05177299999997,-19.30903500000005
705,2018-05-22 23:00:00,491.5,6.3709,516.234027,470.745801,24.73402699999997,-20.75419900000003
706,2018-05-22 23:30:00,491.9,6.3709,516.616281,471.06434599999994,24.71628099999998,-20.835654000000034
707,2018-05-23 00:00:00,492.6,6.3852,518.7975,472.5048,26.19749999999999,-20.095200000000034
708,2018-05-23 00:30:00,490.1,6.3852,517.648164,471.993984,27.54816399999993,-18.10601600000001
709,2018-05-23 01:00:00,488.8,6.3852,517.648164,471.993984,28.84816399999994,-16.806016
710,2018-05-23 01:30:00,486.6,6.3852,517.3927560000001,471.993984,30.792756000000054,-14.606016000000011
711,2018-05-23 02:00:00,488.2,6.3852,518.542092,472.37709600000005,30.342092000000036,-15.822903999999937
712,2018-05-23 02:30:00,488.6,6.3852,517.7120160000001,472.18554000000006,29.11201600000004,-16.414459999999963
713,2018-05-23 09:00:00,486.7,6.3852,517.52046,471.930132,30.82045999999997,-14.769867999999974
714,2018-05-23 09:30:00,486.8,6.3852,517.3927560000001,472.37709600000005,30.592756000000065,-14.42290399999996
715,2018-05-23 10:00:00,485.3,6.3852,515.413344,469.503756,30.11334400000004,-15.796244000000002
716,2018-05-23 10:30:00,484.6,6.3852,515.2856400000001,468.99294000000003,30.685640000000035,-15.60705999999999
717,2018-05-23 11:00:00,483.3,6.3852,517.2012,469.759164,33.90119999999996,-13.540836000000013
718,2018-05-23 11:30:00,484.3,6.3852,519.819132,471.419316,35.519131999999956,-12.88068400000003
719,2018-05-23 13:30:00,484.3,6.3852,519.244464,469.95072,34.94446399999998,-14.349280000000022
720,2018-05-23 14:00:00,484.3,6.3852,522.3732120000001,471.48316800000003,38.07321200000007,-12.816831999999977
721,2018-05-23 14:30:00,485.4,6.3852,521.606988,470.716944,36.206988000000024,-14.683055999999965
722,2018-05-23 15:00:00,484.6,6.3852,521.415432,470.525388,36.81543199999999,-14.074612000000002
723,2018-05-23 21:00:00,484.6,6.3852,521.160024,470.716944,36.560024,-13.88305600000001
724,2018-05-23 21:30:00,486.6,6.3852,520.2022440000001,470.07842400000004,33.60224400000004,-16.521575999999982
725,2018-05-23 22:00:00,485.6,6.3852,520.585356,470.4615360000001,34.985356000000024,-15.138463999999942
726,2018-05-23 22:30:00,481.7,6.3852,520.585356,470.4615360000001,38.88535600000006,-11.238463999999908
727,2018-05-23 23:00:00,480.2,6.3852,520.649208,470.26998000000003,40.449208000000056,-9.930019999999956
728,2018-05-23 23:30:00,481.1,6.3852,520.585356,470.20612800000004,39.485356000000024,-10.893871999999988
729,2018-05-24 00:00:00,484.1,6.3846,520.536438,470.161944,36.43643799999995,-13.938056000000017
730,2018-05-24 00:30:00,483.5,6.3846,519.8979780000001,469.778868,36.39797800000008,-13.721132000000011
731,2018-05-24 01:00:00,482.9,6.3846,520.02567,469.842714,37.125670000000014,-13.057285999999976
732,2018-05-24 01:30:00,483.8,6.3846,520.153362,469.90655999999996,36.353362000000004,-13.893440000000055
733,2018-05-24 02:00:00,483.5,6.3846,520.3448999999999,470.03425200000004,36.84489999999994,-13.465747999999962
734,2018-05-24 02:30:00,486.7,6.3846,520.472592,470.22579,33.772591999999975,-16.47420999999997
735,2018-05-24 09:00:00,485.1,6.3846,514.9818359999999,463.90503599999994,29.881835999999907,-21.194964000000084
736,2018-05-24 09:30:00,485.8,6.3846,516.51414,464.92657199999996,30.714139999999986,-20.873428000000047
737,2018-05-24 10:00:00,485.4,6.3846,516.450294,465.50118599999996,31.050294000000008,-19.898814000000016
738,2018-05-24 10:30:00,485.7,6.3846,517.854906,466.71425999999997,32.15490600000004,-18.98574000000002
739,2018-05-24 11:00:00,485.8,6.3846,517.599522,466.458876,31.799521999999968,-19.341124000000036
740,2018-05-24 11:30:00,485.5,6.3846,518.1102900000001,466.650414,32.61029000000008,-18.849585999999988
741,2018-05-24 13:30:00,484.5,6.3846,517.47183,465.50118599999996,32.971829999999954,-18.99881400000004
742,2018-05-24 14:00:00,484.9,6.3846,516.067218,464.543496,31.167218000000048,-20.356503999999973
743,2018-05-24 14:30:00,485.2,6.3846,515.684142,464.032728,30.484141999999963,-21.16727199999997
744,2018-05-24 15:00:00,485.0,6.3846,516.322602,464.47965,31.32260199999996,-20.520350000000008
745,2018-05-24 21:00:00,480.3,6.3846,516.1949099999999,464.28811199999996,35.894909999999925,-16.011888000000056
746,2018-05-24 21:30:00,478.5,6.3846,515.428758,463.90503599999994,36.928758000000016,-14.594964000000061
747,2018-05-24 22:00:00,482.3,6.3846,515.1095280000001,463.585806,32.80952800000006,-18.71419400000002
748,2018-05-24 22:30:00,482.0,6.3846,515.0456819999999,463.585806,33.04568199999994,-18.41419400000001
749,2018-05-24 23:00:00,482.9,6.3846,515.1095280000001,463.90503599999994,32.20952800000009,-18.99496400000004
750,2018-05-24 23:30:00,481.9,6.3846,514.91799,463.90503599999994,33.017990000000054,-17.99496400000004
751,2018-05-25 00:00:00,482.1,6.3891,515.408697,464.35978800000004,33.30869699999994,-17.740211999999985
752,2018-05-25 00:30:00,482.2,6.3891,515.408697,464.104224,33.20869699999997,-18.095776
753,2018-05-25 01:00:00,482.3,6.3891,515.344806,463.912551,33.04480599999994,-18.387449000000004
754,2018-05-25 01:30:00,481.3,6.3891,514.769787,463.46531400000003,33.46978699999994,-17.834685999999977
755,2018-05-25 02:00:00,481.7,6.3891,514.258659,463.145859,32.55865899999998,-18.554141000000016
756,2018-05-25 02:30:00,480.2,6.3891,513.747531,462.82640399999997,33.54753099999999,-17.37359600000002
757,2018-05-25 09:00:00,479.9,6.3891,504.86668199999997,452.66773499999994,24.96668199999999,-27.23226500000004
758,2018-05-25 09:30:00,480.8,6.3891,504.930573,452.028825,24.13057299999997,-28.771175000000028
759,2018-05-25 10:00:00,480.7,6.3891,502.502715,449.79264000000006,21.802715000000035,-30.907359999999926
760,2018-05-25 10:30:00,480.5,6.3891,503.46108,450.17598599999997,22.96107999999998,-30.324014000000034
761,2018-05-25 11:00:00,480.4,6.3891,500.90544000000006,447.045327,20.50544000000008,-33.35467299999999
762,2018-05-25 11:30:00,479.9,6.3891,499.62762000000004,445.83139800000004,19.72762000000006,-34.06860199999994
763,2018-05-25 13:30:00,479.0,6.3891,500.52209400000004,446.150853,21.52209400000004,-32.849147000000016
764,2018-05-25 14:00:00,478.3,6.3891,501.161004,446.72587200000004,22.86100399999998,-31.574127999999973
765,2018-05-25 14:30:00,478.4,6.3891,500.713767,445.89528900000005,22.31376700000004,-32.50471099999993
766,2018-05-25 15:00:00,477.4,6.3891,500.649876,445.51194300000003,23.24987600000003,-31.888056999999947
767,2018-05-28 09:00:00,461.1,6.3938,492.706228,437.271982,31.606227999999987,-23.828018000000043
768,2018-05-28 09:30:00,459.2,6.3938,493.793174,437.7195479999999,34.59317400000003,-21.48045200000007
769,2018-05-28 10:00:00,457.3,6.3938,495.26374799999996,438.358928,37.96374799999995,-18.94107200000002
770,2018-05-28 10:30:00,457.5,6.3938,493.984988,437.33592000000004,36.48498799999999,-20.164079999999956
771,2018-05-28 11:00:00,457.4,6.3938,494.81618199999997,438.358928,37.41618199999999,-19.041071999999986
772,2018-05-28 11:30:00,457.7,6.3938,494.496492,438.23105200000003,36.796492,-19.468947999999955
773,2018-05-28 21:00:00,462.1,6.3938,495.19981,439.57374999999996,33.09980999999999,-22.52625000000006
774,2018-05-28 21:30:00,460.2,6.3938,495.83919,440.149192,35.639189999999985,-20.05080799999996
775,2018-05-28 22:00:00,461.6,6.3938,497.309764,440.08525399999996,35.70976399999995,-21.51474600000006
776,2018-05-28 22:30:00,462.8,6.3938,496.22281799999996,439.82950200000005,33.42281799999995,-22.970497999999964
777,2018-05-28 23:00:00,462.2,6.3938,496.03100399999994,439.701626,33.83100399999995,-22.498374000000013
778,2018-05-28 23:30:00,462.4,6.3938,496.350694,439.89343999999994,33.950694,-22.506560000000036
779,2018-05-29 00:00:00,462.1,6.4188,498.48400799999996,441.677628,36.38400799999994,-20.422371999999996
780,2018-05-29 00:30:00,463.5,6.4188,498.41982,441.741816,34.919820000000016,-21.75818400000003
781,2018-05-29 01:00:00,462.2,6.4188,498.29144399999996,441.741816,36.09144399999997,-20.458184000000017
782,2018-05-29 01:30:00,462.1,6.4188,497.77794,441.549252,35.67793999999998,-20.550748
783,2018-05-29 02:00:00,462.6,6.4188,497.649564,441.485064,35.049563999999975,-21.114936
784,2018-05-29 02:30:00,462.2,6.4188,497.13606000000004,441.164124,34.936060000000055,-21.035875999999973
785,2018-05-29 09:00:00,463.4,6.4188,500.60221199999995,443.34651599999995,37.202211999999975,-20.053484000000026
786,2018-05-29 09:30:00,462.6,6.4188,499.38264,442.640448,36.78263999999996,-19.95955200000003
787,2018-05-29 10:00:00,464.5,6.4188,498.74076,442.57626000000005,34.24076000000002,-21.923739999999952
788,2018-05-29 10:30:00,465.0,6.4188,497.200248,441.22831199999996,32.20024799999999,-23.77168800000004
789,2018-05-29 11:00:00,464.9,6.4188,495.53136,440.45805600000006,30.63136000000003,-24.44194399999992
790,2018-05-29 11:30:00,465.4,6.4188,492.578712,437.377032,27.17871200000002,-28.02296799999999
791,2018-05-29 13:30:00,465.2,6.4188,495.78811199999996,440.586432,30.588111999999967,-24.613567999999987
792,2018-05-29 14:00:00,465.4,6.4188,496.62255600000003,441.2925,31.222556000000054,-24.10749999999996
793,2018-05-29 14:30:00,464.6,6.4188,495.78811199999996,440.778996,31.188111999999933,-23.821004000000016
794,2018-05-29 15:00:00,463.8,6.4188,496.36580399999997,441.22831199999996,32.56580399999996,-22.57168800000005
